State,County,Year,Reg_Voters
Arizona,APACHE COUNTY,2020,51906
Arizona,COCHISE COUNTY,2020,82022
Arizona,COCONINO COUNTY,2020,90669
Arizona,GILA COUNTY,2020,34001
Arizona,GRAHAM COUNTY,2020,19851
Arizona,GREENLEE COUNTY,2020,4866
Arizona,LA PAZ COUNTY,2020,10909
Arizona,MARICOPA COUNTY,2020,2595272
Arizona,MOHAVE COUNTY,2020,135180
Arizona,NAVAJO COUNTY,2020,70650
Arizona,PIMA COUNTY,2020,638355
Arizona,PINAL COUNTY,2020,248874
Arizona,SANTA CRUZ COUNTY,2020,29963
Arizona,YAVAPAI COUNTY,2020,165361
Arizona,YUMA COUNTY,2020,103273
Florida,ALACHUA COUNTY,2020,190433
Florida,BAKER COUNTY,2020,16933
Florida,BAY COUNTY,2020,124653
Florida,BRADFORD COUNTY,2020,17742
Florida,BREVARD COUNTY,2020,452424
Florida,BROWARD COUNTY,2020,1266991
Florida,CALHOUN COUNTY,2020,8709
Florida,CHARLOTTE COUNTY,2020,152142
Florida,CITRUS COUNTY,2020,117092
Florida,CLAY COUNTY,2020,164745
Florida,COLLIER COUNTY,2020,231708
Florida,COLUMBIA COUNTY,2020,44239
Florida,DESOTO COUNTY,2020,17819
Florida,DIXIE COUNTY,2020,10595
Florida,DUVAL COUNTY,2020,664211
Florida,ESCAMBIA COUNTY,2020,232238
Florida,FLAGLER COUNTY,2020,91916
Florida,FRANKLIN COUNTY,2020,8485
Florida,GADSDEN COUNTY,2020,31155
Florida,GILCHRIST COUNTY,2020,12516
Florida,GLADES COUNTY,2020,7097
Florida,GULF COUNTY,2020,10829
Florida,HAMILTON COUNTY,2020,8098
Florida,HARDEE COUNTY,2020,13111
Florida,HENDRY COUNTY,2020,19122
Florida,HERNANDO COUNTY,2020,146893
Florida,HIGHLANDS COUNTY,2020,66317
Florida,HILLSBOROUGH COUNTY,2020,934346
Florida,HOLMES COUNTY,2020,11489
Florida,INDIAN RIVER COUNTY,2020,124586
Florida,JACKSON COUNTY,2020,29857
Florida,JEFFERSON COUNTY,2020,10236
Florida,LAFAYETTE COUNTY,2020,4568
Florida,LAKE COUNTY,2020,264691
Florida,LEE COUNTY,2020,489187
Florida,LEON COUNTY,2020,217454
Florida,LEVY COUNTY,2020,30099
Florida,LIBERTY COUNTY,2020,4601
Florida,MADISON COUNTY,2020,11758
Florida,MANATEE COUNTY,2020,273427
Florida,MARION COUNTY,2020,264614
Florida,MARTIN COUNTY,2020,118472
Florida,MIAMI-DADE COUNTY,2020,1564297
Florida,MONROE COUNTY,2020,56910
Florida,NASSAU COUNTY,2020,72223
Florida,OKALOOSA COUNTY,2020,150654
Florida,OKEECHOBEE COUNTY,2020,22394
Florida,ORANGE COUNTY,2020,866460
Florida,OSCEOLA COUNTY,2020,239027
Florida,PALM BEACH COUNTY,2020,1020222
Florida,PASCO COUNTY,2020,393392
Florida,PINELLAS COUNTY,2020,711462
Florida,POLK COUNTY,2020,471241
Florida,PUTNAM COUNTY,2020,50692
Florida,SANTA ROSA COUNTY,2020,145810
Florida,SARASOTA COUNTY,2020,340092
Florida,SEMINOLE COUNTY,2020,335172
Florida,ST. JOHNS COUNTY,2020,210059
Florida,ST. LUCIE COUNTY,2020,223640
Florida,SUMTER COUNTY,2020,105612
Florida,SUWANNEE COUNTY,2020,27728
Florida,TAYLOR COUNTY,2020,12779
Florida,UNION COUNTY,2020,7718
Florida,VOLUSIA COUNTY,2020,398530
Florida,WAKULLA COUNTY,2020,22909
Florida,WALTON COUNTY,2020,58057
Florida,WASHINGTON COUNTY,2020,17191
Georgia,APPLING COUNTY,2020,11440
Georgia,ATKINSON COUNTY,2020,4801
Georgia,BACON COUNTY,2020,6726
Georgia,BAKER COUNTY,2020,2258
Georgia,BALDWIN COUNTY,2020,26742
Georgia,BANKS COUNTY,2020,12905
Georgia,BARROW COUNTY,2020,55694
Georgia,BARTOW COUNTY,2020,74380
Georgia,BEN HILL COUNTY,2020,9892
Georgia,BERRIEN COUNTY,2020,11317
Georgia,BIBB COUNTY,2020,108126
Georgia,BLECKLEY COUNTY,2020,7558
Georgia,BRANTLEY COUNTY,2020,11302
Georgia,BROOKS COUNTY,2020,11170
Georgia,BRYAN COUNTY,2020,30651
Georgia,BULLOCH COUNTY,2020,44737
Georgia,BURKE COUNTY,2020,16570
Georgia,BUTTS COUNTY,2020,17195
Georgia,CALHOUN COUNTY,2020,3187
Georgia,CAMDEN COUNTY,2020,35141
Georgia,CANDLER COUNTY,2020,6328
Georgia,CARROLL COUNTY,2020,83866
Georgia,CATOOSA COUNTY,2020,45785
Georgia,CHARLTON COUNTY,2020,6562
Georgia,CHATHAM COUNTY,2020,202999
Georgia,CHATTAHOOCHEE COUNTY,2020,3943
Georgia,CHATTOOGA COUNTY,2020,14183
Georgia,CHEROKEE COUNTY,2020,190605
Georgia,CLARKE COUNTY,2020,76848
Georgia,CLAY COUNTY,2020,2053
Georgia,CLAYTON COUNTY,2020,194338
Georgia,CLINCH COUNTY,2020,4345
Georgia,COBB COUNTY,2020,537659
Georgia,COFFEE COUNTY,2020,25165
Georgia,COLQUITT COUNTY,2020,25087
Georgia,COLUMBIA COUNTY,2020,107656
Georgia,COOK COUNTY,2020,10650
Georgia,COWETA COUNTY,2020,102262
Georgia,CRAWFORD COUNTY,2020,8536
Georgia,CRISP COUNTY,2020,12560
Georgia,DADE COUNTY,2020,11682
Georgia,DAWSON COUNTY,2020,21557
Georgia,DECATUR COUNTY,2020,16726
Georgia,DEKALB COUNTY,2020,547802
Georgia,DODGE COUNTY,2020,11464
Georgia,DOOLY COUNTY,2020,5966
Georgia,DOUGHERTY COUNTY,2020,61402
Georgia,DOUGLAS COUNTY,2020,101613
Georgia,EARLY COUNTY,2020,7340
Georgia,ECHOLS COUNTY,2020,2170
Georgia,EFFINGHAM COUNTY,2020,44372
Georgia,ELBERT COUNTY,2020,12330
Georgia,EMANUEL COUNTY,2020,13844
Georgia,EVANS COUNTY,2020,6148
Georgia,FANNIN COUNTY,2020,20399
Georgia,FAYETTE COUNTY,2020,92427
Georgia,FLOYD COUNTY,2020,60749
Georgia,FORSYTH COUNTY,2020,164279
Georgia,FRANKLIN COUNTY,2020,15170
Georgia,FULTON COUNTY,2020,808742
Georgia,GILMER COUNTY,2020,22315
Georgia,GLASCOCK COUNTY,2020,2040
Georgia,GLYNN COUNTY,2020,61947
Georgia,GORDON COUNTY,2020,36431
Georgia,GRADY COUNTY,2020,15441
Georgia,GREENE COUNTY,2020,14197
Georgia,GWINNETT COUNTY,2020,582917
Georgia,HABERSHAM COUNTY,2020,28318
Georgia,HALL COUNTY,2020,128535
Georgia,HANCOCK COUNTY,2020,5835
Georgia,HARALSON COUNTY,2020,20692
Georgia,HARRIS COUNTY,2020,25690
Georgia,HART COUNTY,2020,16942
Georgia,HEARD COUNTY,2020,7772
Georgia,HENRY COUNTY,2020,172241
Georgia,HOUSTON COUNTY,2020,105587
Georgia,IRWIN COUNTY,2020,6124
Georgia,JACKSON COUNTY,2020,52010
Georgia,JASPER COUNTY,2020,10434
Georgia,JEFF DAVIS COUNTY,2020,8495
Georgia,JEFFERSON COUNTY,2020,11350
Georgia,JENKINS COUNTY,2020,5075
Georgia,JOHNSON COUNTY,2020,5610
Georgia,JONES COUNTY,2020,20406
Georgia,LAMAR COUNTY,2020,12872
Georgia,LANIER COUNTY,2020,5496
Georgia,LAURENS COUNTY,2020,32874
Georgia,LEE COUNTY,2020,22930
Georgia,LIBERTY COUNTY,2020,35970
Georgia,LINCOLN COUNTY,2020,6182
Georgia,LONG COUNTY,2020,9683
Georgia,LOWNDES COUNTY,2020,75535
Georgia,LUMPKIN COUNTY,2020,22412
Georgia,MACON COUNTY,2020,7079
Georgia,MADISON COUNTY,2020,20737
Georgia,MARION COUNTY,2020,4922
Georgia,MCDUFFIE COUNTY,2020,15083
Georgia,MCINTOSH COUNTY,2020,9320
Georgia,MERIWETHER COUNTY,2020,15336
Georgia,MILLER COUNTY,2020,3920
Georgia,MITCHELL COUNTY,2020,13481
Georgia,MONROE COUNTY,2020,21151
Georgia,MONTGOMERY COUNTY,2020,5467
Georgia,MORGAN COUNTY,2020,14843
Georgia,MURRAY COUNTY,2020,22340
Georgia,MUSCOGEE COUNTY,2020,132029
Georgia,NEWTON COUNTY,2020,79098
Georgia,OCONEE COUNTY,2020,30051
Georgia,OGLETHORPE COUNTY,2020,10848
Georgia,PAULDING COUNTY,2020,115297
Georgia,PEACH COUNTY,2020,18164
Georgia,PICKENS COUNTY,2020,23820
Georgia,PIERCE COUNTY,2020,12735
Georgia,PIKE COUNTY,2020,13825
Georgia,POLK COUNTY,2020,24256
Georgia,PULASKI COUNTY,2020,5712
Georgia,PUTNAM COUNTY,2020,16000
Georgia,QUITMAN COUNTY,2020,1553
Georgia,RABUN COUNTY,2020,13074
Georgia,RANDOLPH COUNTY,2020,4338
Georgia,RICHMOND COUNTY,2020,135428
Georgia,ROCKDALE COUNTY,2020,65573
Georgia,SCHLEY COUNTY,2020,2890
Georgia,SCREVEN COUNTY,2020,9610
Georgia,SEMINOLE COUNTY,2020,5937
Georgia,SPALDING COUNTY,2020,46088
Georgia,STEPHENS COUNTY,2020,18078
Georgia,STEWART COUNTY,2020,2909
Georgia,SUMTER COUNTY,2020,18033
Georgia,TALBOT COUNTY,2020,4567
Georgia,TALIAFERRO COUNTY,2020,1246
Georgia,TATTNALL COUNTY,2020,12216
Georgia,TAYLOR COUNTY,2020,5405
Georgia,TELFAIR COUNTY,2020,6076
Georgia,TERRELL COUNTY,2020,6625
Georgia,THOMAS COUNTY,2020,30218
Georgia,TIFT COUNTY,2020,24551
Georgia,TOOMBS COUNTY,2020,16227
Georgia,TOWNS COUNTY,2020,10189
Georgia,TREUTLEN COUNTY,2020,4248
Georgia,TROUP COUNTY,2020,43169
Georgia,TURNER COUNTY,2020,5604
Georgia,TWIGGS COUNTY,2020,6308
Georgia,UNION COUNTY,2020,19235
Georgia,UPSON COUNTY,2020,18187
Georgia,WALKER COUNTY,2020,43050
Georgia,WALTON COUNTY,2020,70129
Georgia,WARE COUNTY,2020,20580
Georgia,WARREN COUNTY,2020,3789
Georgia,WASHINGTON COUNTY,2020,12994
Georgia,WAYNE COUNTY,2020,18164
Georgia,WEBSTER COUNTY,2020,1713
Georgia,WHEELER COUNTY,2020,3169
Georgia,WHITE COUNTY,2020,20630
Georgia,WHITFIELD COUNTY,2020,54779
Georgia,WILCOX COUNTY,2020,4562
Georgia,WILKES COUNTY,2020,6836
Georgia,WILKINSON COUNTY,2020,6484
Georgia,WORTH COUNTY,2020,13847
Michigan,ALCONA COUNTY,2020,9842
Michigan,ALGER COUNTY,2020,7565
Michigan,ALLEGAN COUNTY,2020,93547
Michigan,ALPENA COUNTY,2020,24768
Michigan,ANTRIM COUNTY,2020,21961
Michigan,ARENAC COUNTY,2020,12693
Michigan,BARAGA COUNTY,2020,6681
Michigan,BARRY COUNTY,2020,49600
Michigan,BAY COUNTY,2020,84534
Michigan,BENZIE COUNTY,2020,16421
Michigan,BERRIEN COUNTY,2020,134312
Michigan,BRANCH COUNTY,2020,33640
Michigan,CALHOUN COUNTY,2020,105964
Michigan,CASS COUNTY,2020,44434
Michigan,CHARLEVOIX COUNTY,2020,23670
Michigan,CHEBOYGAN COUNTY,2020,22538
Michigan,CHIPPEWA COUNTY,2020,26085
Michigan,CLARE COUNTY,2020,25154
Michigan,CLINTON COUNTY,2020,62024
Michigan,CRAWFORD COUNTY,2020,11966
Michigan,DELTA COUNTY,2020,31218
Michigan,DICKINSON COUNTY,2020,23280
Michigan,EATON COUNTY,2020,87635
Michigan,EMMET COUNTY,2020,30536
Michigan,GENESEE COUNTY,2020,348259
Michigan,GLADWIN COUNTY,2020,21851
Michigan,GOGEBIC COUNTY,2020,14278
Michigan,GRAND TRAVERSE COUNTY,2020,80742
Michigan,GRATIOT COUNTY,2020,28190
Michigan,HILLSDALE COUNTY,2020,36373
Michigan,HOUGHTON COUNTY,2020,26465
Michigan,HURON COUNTY,2020,26141
Michigan,INGHAM COUNTY,2020,213353
Michigan,IONIA COUNTY,2020,46736
Michigan,IOSCO COUNTY,2020,22508
Michigan,IRON COUNTY,2020,10442
Michigan,ISABELLA COUNTY,2020,46052
Michigan,JACKSON COUNTY,2020,121853
Michigan,KALAMAZOO COUNTY,2020,209826
Michigan,KALKASKA COUNTY,2020,15966
Michigan,KENT COUNTY,2020,498832
Michigan,KEWEENAW COUNTY,2020,2046
Michigan,LAKE COUNTY,2020,9956
Michigan,LAPEER COUNTY,2020,71794
Michigan,LEELANAU COUNTY,2020,21333
Michigan,LENAWEE COUNTY,2020,78765
Michigan,LIVINGSTON COUNTY,2020,160644
Michigan,LUCE COUNTY,2020,4543
Michigan,MACKINAC COUNTY,2020,10083
Michigan,MACOMB COUNTY,2020,689812
Michigan,MANISTEE COUNTY,2020,20908
Michigan,MARQUETTE COUNTY,2020,54567
Michigan,MASON COUNTY,2020,24630
Michigan,MECOSTA COUNTY,2020,31052
Michigan,MENOMINEE COUNTY,2020,20053
Michigan,MIDLAND COUNTY,2020,69376
Michigan,MISSAUKEE COUNTY,2020,12010
Michigan,MONROE COUNTY,2020,130135
Michigan,MONTCALM COUNTY,2020,47629
Michigan,MONTMORENCY COUNTY,2020,8553
Michigan,MUSKEGON COUNTY,2020,140636
Michigan,NEWAYGO COUNTY,2020,39611
Michigan,OAKLAND COUNTY,2020,1030567
Michigan,OCEANA COUNTY,2020,21129
Michigan,OGEMAW COUNTY,2020,17816
Michigan,ONTONAGON COUNTY,2020,5727
Michigan,OSCEOLA COUNTY,2020,18356
Michigan,OSCODA COUNTY,2020,7266
Michigan,OTSEGO COUNTY,2020,22945
Michigan,OTTAWA COUNTY,2020,219641
Michigan,PRESQUE ISLE COUNTY,2020,11523
Michigan,ROSCOMMON COUNTY,2020,22908
Michigan,SAGINAW COUNTY,2020,156209
Michigan,ST CLAIR COUNTY,2020,133821
Michigan,ST JOSEPH COUNTY,2020,47227
Michigan,SANILAC COUNTY,2020,31510
Michigan,SCHOOLCRAFT COUNTY,2020,7198
Michigan,SHIAWASSEE COUNTY,2020,55703
Michigan,TUSCOLA COUNTY,2020,42707
Michigan,VAN BUREN COUNTY,2020,60552
Michigan,WASHTENAW COUNTY,2020,316414
Michigan,WAYNE COUNTY,2020,1398888
Michigan,WEXFORD COUNTY,2020,27347
North Carolina,ALAMANCE COUNTY,2020,110926
North Carolina,ALEXANDER COUNTY,2020,24953
North Carolina,ALLEGHANY COUNTY,2020,7609
North Carolina,ANSON COUNTY,2020,16732
North Carolina,ASHE COUNTY,2020,19545
North Carolina,AVERY COUNTY,2020,12355
North Carolina,BEAUFORT COUNTY,2020,34090
North Carolina,BERTIE COUNTY,2020,13335
North Carolina,BLADEN COUNTY,2020,22855
North Carolina,BRUNSWICK COUNTY,2020,114745
North Carolina,BUNCOMBE COUNTY,2020,207375
North Carolina,BURKE COUNTY,2020,58309
North Carolina,CABARRUS COUNTY,2020,150595
North Carolina,CALDWELL COUNTY,2020,54780
North Carolina,CAMDEN COUNTY,2020,8167
North Carolina,CARTERET COUNTY,2020,51774
North Carolina,CASWELL COUNTY,2020,15513
North Carolina,CATAWBA COUNTY,2020,108863
North Carolina,CHATHAM COUNTY,2020,57929
North Carolina,CHEROKEE COUNTY,2020,22680
North Carolina,CHOWAN COUNTY,2020,10259
North Carolina,CLAY COUNTY,2020,9131
North Carolina,CLEVELAND COUNTY,2020,67725
North Carolina,COLUMBUS COUNTY,2020,37050
North Carolina,CRAVEN COUNTY,2020,72856
North Carolina,CUMBERLAND COUNTY,2020,226653
North Carolina,CURRITUCK COUNTY,2020,21832
North Carolina,DARE COUNTY,2020,30128
North Carolina,DAVIDSON COUNTY,2020,113790
North Carolina,DAVIE COUNTY,2020,31481
North Carolina,DUPLIN COUNTY,2020,30503
North Carolina,DURHAM COUNTY,2020,244574
North Carolina,EDGECOMBE COUNTY,2020,35801
North Carolina,FORSYTH COUNTY,2020,271904
North Carolina,FRANKLIN COUNTY,2020,47720
North Carolina,GASTON COUNTY,2020,151667
North Carolina,GATES COUNTY,2020,8364
North Carolina,GRAHAM COUNTY,2020,6081
North Carolina,GRANVILLE COUNTY,2020,39986
North Carolina,GREENE COUNTY,2020,11388
North Carolina,GUILFORD COUNTY,2020,383792
North Carolina,HALIFAX COUNTY,2020,37958
North Carolina,HARNETT COUNTY,2020,82298
North Carolina,HAYWOOD COUNTY,2020,46445
North Carolina,HENDERSON COUNTY,2020,87557
North Carolina,HERTFORD COUNTY,2020,15048
North Carolina,HOKE COUNTY,2020,33233
North Carolina,HYDE COUNTY,2020,3171
North Carolina,IREDELL COUNTY,2020,130794
North Carolina,JACKSON COUNTY,2020,29791
North Carolina,JOHNSTON COUNTY,2020,143707
North Carolina,JONES COUNTY,2020,7398
North Carolina,LEE COUNTY,2020,38705
North Carolina,LENOIR COUNTY,2020,38541
North Carolina,LINCOLN COUNTY,2020,62638
North Carolina,MACON COUNTY,2020,27162
North Carolina,MADISON COUNTY,2020,17264
North Carolina,MARTIN COUNTY,2020,16516
North Carolina,MCDOWELL COUNTY,2020,29898
North Carolina,MECKLENBURG COUNTY,2020,792282
North Carolina,MITCHELL COUNTY,2020,11139
North Carolina,MONTGOMERY COUNTY,2020,17029
North Carolina,MOORE COUNTY,2020,74033
North Carolina,NASH COUNTY,2020,68677
North Carolina,NEW HANOVER COUNTY,2020,177353
North Carolina,NORTHAMPTON COUNTY,2020,13939
North Carolina,ONSLOW COUNTY,2020,117223
North Carolina,ORANGE COUNTY,2020,111900
North Carolina,PAMLICO COUNTY,2020,9774
North Carolina,PASQUOTANK COUNTY,2020,28723
North Carolina,PENDER COUNTY,2020,44958
North Carolina,PERQUIMANS COUNTY,2020,9760
North Carolina,PERSON COUNTY,2020,27784
North Carolina,PITT COUNTY,2020,123553
North Carolina,POLK COUNTY,2020,16488
North Carolina,RANDOLPH COUNTY,2020,94919
North Carolina,RICHMOND COUNTY,2020,29392
North Carolina,ROBESON COUNTY,2020,76791
North Carolina,ROCKINGHAM COUNTY,2020,61624
North Carolina,ROWAN COUNTY,2020,97444
North Carolina,RUTHERFORD COUNTY,2020,45949
North Carolina,SAMPSON COUNTY,2020,38096
North Carolina,SCOTLAND COUNTY,2020,22041
North Carolina,STANLY COUNTY,2020,42963
North Carolina,STOKES COUNTY,2020,31796
North Carolina,SURRY COUNTY,2020,47194
North Carolina,SWAIN COUNTY,2020,10090
North Carolina,TRANSYLVANIA COUNTY,2020,26513
North Carolina,TYRRELL COUNTY,2020,2371
North Carolina,UNION COUNTY,2020,168233
North Carolina,VANCE COUNTY,2020,29702
North Carolina,WAKE COUNTY,2020,794495
North Carolina,WARREN COUNTY,2020,13531
North Carolina,WASHINGTON COUNTY,2020,8316
North Carolina,WATAUGA COUNTY,2020,45166
North Carolina,WAYNE COUNTY,2020,76192
North Carolina,WILKES COUNTY,2020,43934
North Carolina,WILSON COUNTY,2020,57018
North Carolina,YADKIN COUNTY,2020,24725
North Carolina,YANCEY COUNTY,2020,14170
Ohio,ADAMS COUNTY,2020,17246
Ohio,ALLEN COUNTY,2020,67374
Ohio,ASHLAND COUNTY,2020,34837
Ohio,ASHTABULA COUNTY,2020,61453
Ohio,ATHENS COUNTY,2020,39344
Ohio,AUGLAIZE COUNTY,2020,32489
Ohio,BELMONT COUNTY,2020,46315
Ohio,BROWN COUNTY,2020,29069
Ohio,BUTLER COUNTY,2020,256908
Ohio,CARROLL COUNTY,2020,18416
Ohio,CHAMPAIGN COUNTY,2020,26492
Ohio,CLARK COUNTY,2020,89826
Ohio,CLERMONT COUNTY,2020,145129
Ohio,CLINTON COUNTY,2020,27616
Ohio,COLUMBIANA COUNTY,2020,66293
Ohio,COSHOCTON COUNTY,2020,22730
Ohio,CRAWFORD COUNTY,2020,28211
Ohio,CUYAHOGA COUNTY,2020,888556
Ohio,DARKE COUNTY,2020,34669
Ohio,DEFIANCE COUNTY,2020,26411
Ohio,DELAWARE COUNTY,2020,151756
Ohio,ERIE COUNTY,2020,54129
Ohio,FAIRFIELD COUNTY,2020,109176
Ohio,FAYETTE COUNTY,2020,17180
Ohio,FRANKLIN COUNTY,2020,882635
Ohio,FULTON COUNTY,2020,29496
Ohio,GALLIA COUNTY,2020,18982
Ohio,GEAUGA COUNTY,2020,67969
Ohio,GREENE COUNTY,2020,118938
Ohio,GUERNSEY COUNTY,2020,24549
Ohio,HAMILTON COUNTY,2020,600386
Ohio,HANCOCK COUNTY,2020,51714
Ohio,HARDIN COUNTY,2020,18211
Ohio,HARRISON COUNTY,2020,10205
Ohio,HENRY COUNTY,2020,19710
Ohio,HIGHLAND COUNTY,2020,27351
Ohio,HOCKING COUNTY,2020,18645
Ohio,HOLMES COUNTY,2020,18286
Ohio,HURON COUNTY,2020,36886
Ohio,JACKSON COUNTY,2020,21013
Ohio,JEFFERSON COUNTY,2020,48167
Ohio,KNOX COUNTY,2020,42320
Ohio,LAKE COUNTY,2020,163936
Ohio,LAWRENCE COUNTY,2020,44119
Ohio,LICKING COUNTY,2020,124208
Ohio,LOGAN COUNTY,2020,32218
Ohio,LORAIN COUNTY,2020,218501
Ohio,LUCAS COUNTY,2020,299794
Ohio,MADISON COUNTY,2020,25827
Ohio,MAHONING COUNTY,2020,165259
Ohio,MARION COUNTY,2020,40262
Ohio,MEDINA COUNTY,2020,130169
Ohio,MEIGS COUNTY,2020,15414
Ohio,MERCER COUNTY,2020,29398
Ohio,MIAMI COUNTY,2020,75470
Ohio,MONROE COUNTY,2020,9572
Ohio,MONTGOMERY COUNTY,2020,372139
Ohio,MORGAN COUNTY,2020,9262
Ohio,MORROW COUNTY,2020,25186
Ohio,MUSKINGUM COUNTY,2020,55078
Ohio,NOBLE COUNTY,2020,8138
Ohio,OTTAWA COUNTY,2020,30442
Ohio,PAULDING COUNTY,2020,12811
Ohio,PERRY COUNTY,2020,22541
Ohio,PICKAWAY COUNTY,2020,36306
Ohio,PIKE COUNTY,2020,18124
Ohio,PORTAGE COUNTY,2020,108884
Ohio,PREBLE COUNTY,2020,28654
Ohio,PUTNAM COUNTY,2020,23859
Ohio,RICHLAND COUNTY,2020,82754
Ohio,ROSS COUNTY,2020,46037
Ohio,SANDUSKY COUNTY,2020,40470
Ohio,SCIOTO COUNTY,2020,46120
Ohio,SENECA COUNTY,2020,34413
Ohio,SHELBY COUNTY,2020,32843
Ohio,STARK COUNTY,2020,252972
Ohio,SUMMIT COUNTY,2020,379673
Ohio,TRUMBULL COUNTY,2020,136895
Ohio,TUSCARAWAS COUNTY,2020,59638
Ohio,UNION COUNTY,2020,41432
Ohio,VAN WERT COUNTY,2020,20291
Ohio,VINTON COUNTY,2020,8627
Ohio,WARREN COUNTY,2020,167606
Ohio,WASHINGTON COUNTY,2020,42774
Ohio,WAYNE COUNTY,2020,74470
Ohio,WILLIAMS COUNTY,2020,25515
Ohio,WOOD COUNTY,2020,93149
Ohio,WYANDOT COUNTY,2020,15491
Pennsylvania,ADAMS COUNTY,2020,72385
Pennsylvania,ALLEGHENY COUNTY,2020,942360
Pennsylvania,ARMSTRONG COUNTY,2020,44826
Pennsylvania,BEAVER COUNTY,2020,116857
Pennsylvania,BEDFORD COUNTY,2020,34244
Pennsylvania,BERKS COUNTY,2020,272253
Pennsylvania,BLAIR COUNTY,2020,80649
Pennsylvania,BRADFORD COUNTY,2020,37298
Pennsylvania,BUCKS COUNTY,2020,488025
Pennsylvania,BUTLER COUNTY,2020,143224
Pennsylvania,CAMBRIA COUNTY,2020,88290
Pennsylvania,CAMERON COUNTY,2020,3113
Pennsylvania,CARBON COUNTY,2020,46997
Pennsylvania,CENTRE COUNTY,2020,112099
Pennsylvania,CHESTER COUNTY,2020,380245
Pennsylvania,CLARION COUNTY,2020,24401
Pennsylvania,CLEARFIELD COUNTY,2020,49734
Pennsylvania,CLINTON COUNTY,2020,22385
Pennsylvania,COLUMBIA COUNTY,2020,39906
Pennsylvania,CRAWFORD COUNTY,2020,56595
Pennsylvania,CUMBERLAND COUNTY,2020,187335
Pennsylvania,DAUPHIN COUNTY,2020,197814
Pennsylvania,DELAWARE COUNTY,2020,425517
Pennsylvania,ELK COUNTY,2020,20586
Pennsylvania,ERIE COUNTY,2020,202624
Pennsylvania,FAYETTE COUNTY,2020,82452
Pennsylvania,FOREST COUNTY,2020,3509
Pennsylvania,FRANKLIN COUNTY,2020,101000
Pennsylvania,FULTON COUNTY,2020,9856
Pennsylvania,GREENE COUNTY,2020,22812
Pennsylvania,HUNTINGDON COUNTY,2020,28430
Pennsylvania,INDIANA COUNTY,2020,51854
Pennsylvania,JEFFERSON COUNTY,2020,32064
Pennsylvania,JUNIATA COUNTY,2020,14482
Pennsylvania,LACKAWANNA COUNTY,2020,149461
Pennsylvania,LANCASTER COUNTY,2020,354210
Pennsylvania,LAWRENCE COUNTY,2020,57385
Pennsylvania,LEBANON COUNTY,2020,92694
Pennsylvania,LEHIGH COUNTY,2020,249421
Pennsylvania,LUZERNE COUNTY,2020,220900
Pennsylvania,LYCOMING COUNTY,2020,73894
Pennsylvania,MCKEAN COUNTY,2020,25854
Pennsylvania,MERCER COUNTY,2020,74917
Pennsylvania,MIFFLIN COUNTY,2020,27370
Pennsylvania,MONROE COUNTY,2020,118347
Pennsylvania,MONTGOMERY COUNTY,2020,609649
Pennsylvania,MONTOUR COUNTY,2020,14038
Pennsylvania,NORTHAMPTON COUNTY,2020,227423
Pennsylvania,NORTHUMBERLAND COUNTY,2020,57643
Pennsylvania,PERRY COUNTY,2020,30036
Pennsylvania,PHILADELPHIA COUNTY,2020,1129339
Pennsylvania,PIKE COUNTY,2020,44827
Pennsylvania,POTTER COUNTY,2020,11318
Pennsylvania,SCHUYLKILL COUNTY,2020,90424
Pennsylvania,SNYDER COUNTY,2020,23702
Pennsylvania,SOMERSET COUNTY,2020,49246
Pennsylvania,SULLIVAN COUNTY,2020,4329
Pennsylvania,SUSQUEHANNA COUNTY,2020,27272
Pennsylvania,TIOGA COUNTY,2020,26933
Pennsylvania,UNION COUNTY,2020,26263
Pennsylvania,VENANGO COUNTY,2020,33354
Pennsylvania,WARREN COUNTY,2020,31432
Pennsylvania,WASHINGTON COUNTY,2020,154036
Pennsylvania,WAYNE COUNTY,2020,34548
Pennsylvania,WESTMORELAND COUNTY,2020,253881
Pennsylvania,WYOMING COUNTY,2020,18337
Pennsylvania,YORK COUNTY,2020,311197
Wisconsin,ADAMS COUNTY,2020,12805
Wisconsin,ASHLAND COUNTY,2020,9770
Wisconsin,BARRON COUNTY,2020,27632
Wisconsin,BAYFIELD COUNTY,2020,11795
Wisconsin,BROWN COUNTY,2020,162076
Wisconsin,BUFFALO COUNTY,2020,8405
Wisconsin,BURNETT COUNTY,2020,10795
Wisconsin,CALUMET COUNTY,2020,33050
Wisconsin,CHIPPEWA COUNTY,2020,38859
Wisconsin,CLARK COUNTY,2020,16113
Wisconsin,COLUMBIA COUNTY,2020,36898
Wisconsin,CRAWFORD COUNTY,2020,9378
Wisconsin,DANE COUNTY,2020,390887
Wisconsin,DODGE COUNTY,2020,52433
Wisconsin,DOOR COUNTY,2020,21826
Wisconsin,DOUGLAS COUNTY,2020,27308
Wisconsin,DUNN COUNTY,2020,25969
Wisconsin,EAU CLAIRE COUNTY,2020,65337
Wisconsin,FLORENCE COUNTY,2020,3205
Wisconsin,FOND DU LAC COUNTY,2020,61390
Wisconsin,FOREST COUNTY,2020,5761
Wisconsin,GRANT COUNTY,2020,27685
Wisconsin,GREEN COUNTY,2020,23061
Wisconsin,GREEN LAKE COUNTY,2020,11524
Wisconsin,IOWA COUNTY,2020,15136
Wisconsin,IRON COUNTY,2020,4412
Wisconsin,JACKSON COUNTY,2020,11267
Wisconsin,JEFFERSON COUNTY,2020,52395
Wisconsin,JUNEAU COUNTY,2020,14567
Wisconsin,KENOSHA COUNTY,2020,100331
Wisconsin,KEWAUNEE COUNTY,2020,12926
Wisconsin,LA CROSSE COUNTY,2020,76830
Wisconsin,LAFAYETTE COUNTY,2020,9214
Wisconsin,LANGLADE COUNTY,2020,12200
Wisconsin,LINCOLN COUNTY,2020,18001
Wisconsin,MANITOWOC COUNTY,2020,48688
Wisconsin,MARATHON COUNTY,2020,84288
Wisconsin,MARINETTE COUNTY,2020,25527
Wisconsin,MARQUETTE COUNTY,2020,9579
Wisconsin,MENOMINEE COUNTY,2020,1789
Wisconsin,MILWAUKEE COUNTY,2020,557089
Wisconsin,MONROE COUNTY,2020,24565
Wisconsin,OCONTO COUNTY,2020,24759
Wisconsin,ONEIDA COUNTY,2020,26248
Wisconsin,OUTAGAMIE COUNTY,2020,118689
Wisconsin,OZAUKEE COUNTY,2020,66641
Wisconsin,PEPIN COUNTY,2020,4414
Wisconsin,PIERCE COUNTY,2020,25910
Wisconsin,POLK COUNTY,2020,28431
Wisconsin,PORTAGE COUNTY,2020,44977
Wisconsin,PRICE COUNTY,2020,9055
Wisconsin,RACINE COUNTY,2020,119988
Wisconsin,RICHLAND COUNTY,2020,9779
Wisconsin,ROCK COUNTY,2020,97177
Wisconsin,RUSK COUNTY,2020,8396
Wisconsin,ST. CROIX COUNTY,2020,61464
Wisconsin,SAUK COUNTY,2020,39544
Wisconsin,SAWYER COUNTY,2020,11623
Wisconsin,SHAWANO COUNTY,2020,24408
Wisconsin,SHEBOYGAN COUNTY,2020,72138
Wisconsin,TAYLOR COUNTY,2020,11294
Wisconsin,TREMPEALEAU COUNTY,2020,16714
Wisconsin,VERNON COUNTY,2020,17364
Wisconsin,VILAS COUNTY,2020,17003
Wisconsin,WALWORTH COUNTY,2020,63729
Wisconsin,WASHBURN COUNTY,2020,11278
Wisconsin,WASHINGTON COUNTY,2020,94481
Wisconsin,WAUKESHA COUNTY,2020,291183
Wisconsin,WAUPACA COUNTY,2020,31369
Wisconsin,WAUSHARA COUNTY,2020,14465
Wisconsin,WINNEBAGO COUNTY,2020,104233
Wisconsin,WOOD COUNTY,2020,45206
